110001,滾吧 Qunba 鍋物 建北店,4.4,225173700,1003,建國北路一段148號,500
110002,打狗霸 TAKAO 1972,3.3,223313677,1006,昆明街44之46號,440
110003,春熙巷川麵堂,4.3,223960386,1001,濟南路二段58之3號,160
110004,匠樂割烹壽司,4.7,277091188,1005,四維路52巷31號,180
110005,養鍋 Yang Guo 石頭涮涮鍋 (台北松菸店),4.5,227682889,1007,忠孝東路四段559巷28號,250
110006,頂級甜不辣,4.2,223026022,1006,廣州街,45
110007,大稻埕魯肉飯,4.3,988051825,1002,長安西路220巷17號,80
110008,HEY CAFE,4.1,225412218,1003,中山北路一段33巷28號,320
110009,泰市場,3.7,287860029,1007,松高路11號6樓,600
110010,馬辣頂級麻辣鴛鴦火鍋忠孝店,4,227212533,1005,忠孝東路四段223巷10弄4號,700
110011,JAM'S TEA 詹姆詹姆果蜜大吉嶺茶飲,4.7,287717573,1005,忠孝東路四段216巷8弄16號,100
110012,朝桂港式飲茶,3.9,227728888,1005,敦化南路一段200號B1,530
110013,十二粥,4.3,227365565,1005,通安街79號,60
110014,小豬樂石韓國火山石烤肉專賣店,3.9,226315199,1010,東湖路94巷1號,1000
110015,Mallard Grilled Cheese Eatery 野鴨小餐館,4.8,287710690,1004,市民大道四段75號,300
110016,貓大福,3.6,223656866,1001,汀州路三段168號2樓,300
110017,水牛城美式餐廳BFLO,4.2,225329833,1003,北安路538巷1弄9號,450
110018,At.First Brunch緣來-松高店,3.9,227238723,1007,松高路16號B2,400
110019,食徒,4.7,227119508,1003,復興南路一段20號,1500
110020,奇岩一號 川湘料理,4.5,255518888,1009,奇巖路1號,800
110021,魚君 さかなくん 鮮魚專門居酒屋,3.7,227728959,1005,光復南路290巷66號,350
110022,紅磡 新飲茶,3.8,225423838,1003,林森北路263號,530
110023,朝鮮味,3.8,287739190,1005,仁愛路四段345巷4弄2號,400
110024,鮮雞味,4.3,979698003,1005,臺北市臺灣 106 No. 45之11安東街之號,80
110025,南大門韓國烤肉,4,225711017,1003,林森北路119巷63號,500
110026,安好食 和平店,4,227384185,1005,和平東路二段118巷54弄6號,60
110027,阿豬媽아줌마韓式烤肉ｘ火鍋吃到飽 西門店,2.8,223310511,1006,西寧南路123號4樓,420
110028,Hoo. Donut 呼點甜甜圈,4.6,223210036,1001,南昌路二段9巷,190
110029,松青潤餅,4.3,930406677,1001,中華路二段311巷4號,50
110030,梅卿越南料理,4.3,228867252,1008,承德路四段40巷81號,300
110031,虎笑麵屋 Whole Chou,4.6,227666978,1004,三民路113巷18號1樓,250
110032,必可蜜 PiQiMi,4.5,223111115,1006,西寧南路119號,50
110033,烏頂關東煮,2.4,223686659,1005,師大路49巷3之1號,100
110034,Aj's wine & bistro,4.7,227321189,1005,通化街171巷33號,2000
110035,百家樂鐵板燒,4,225859680,1003,民權東路二段13號,2000
110036,來來豆漿,3,227979253,1010,內湖路一段93號,200
110037,Simple Kaffa 興波咖啡旗艦店,4.2,233221888,1001,忠孝東路二段27號,300
110038,uMeal 優膳糧,4.3,287808026,1007,吳興街51號,160
110039,UMAMI 金色三麥,4.4,227291229,1007,松智路17號7F,750
110040,四食五Good Food大小通吃 麵線屋(延北),4.5,902157911,1002,延平北路一段69巷40號一樓,60
110041,青田七六,4.3,223916676,1005,青田街七巷六號,1200
110042,台北西門町意舍酒店,4.3,223755111,1006,武昌街二段77號5樓,240
110043,小紅莓自助火鍋城,4.2,227676131,1004,寶清街24號,440
110044,QUE 原木燒烤餐廳,4.1,226532899,1011,市民大道七段8號,750
110045,山羊城全羊館,4.4,227531283,1004,健康路300號,500
110046,ANGEL CAFE,4,233433533,1005,永康街18號,350
110047,珍饌鹹粥,4.2,233433583,1005,通化街68號,80
110048,鳥哲燒物料亭,4.3,228310166,1008,福華路128巷12號,800
110049,安妞韓辣燙,3.6,227784566,1005,安東街52之3號1樓,200
110050,紅九九個人鴛鴦鍋 市府店,4.5,287867299,1007,逸仙路42巷9號,700
110051,Jiala coffee 加辣咖啡,4.7,225182510,1003,五常街53巷13號,230
110052,嘉當歸鴨肉麵飯,3.9,227530028,1007,永吉路30巷89號,85
110053,Together,4,223933628,1005,永康街31之6號,150
110054,MeetFresh鮮芋仙,3.9,227312355,1005,永康街31之87號,55
110055,苒冉小食光,4.4,227889639,1011,興中路28巷5號,150
110056,佐藤精肉店 shihlin,4.3,228810121,1008,文林路167號2樓,150
110057,雙月食品社,4.3,233938953,1001,青島東路6之2號,250
110058,阿義魯肉飯,4,979773168,1006,華西街觀光夜市攤號151號,50
110059,神來一鍋,4.6,226589987,1010,文德路30號,582
110060,辣椒先生-川味麻辣燙,4.8,983602613,1012,景華街78號,890
110061,鍋&Bar精緻鍋物餐酒館 微風復興店,5,287722362,1004,復興南路一段39號G樓66櫃,700
110062,貝克宅 Roasting House - Beckhome Roasting House,4.2,225176722,1003,南京東路三段89巷5弄4號,200
110063,城中市場老牌牛肉拉麵大王,4.3,223815604,1001,重慶南路一段46巷7號,140
110064,全統西點麵包-天母東路店,4.3,228711041,1008,天母東路36之4號,230
110065,Kakigori Toshihiko,4.3,228711042,1001,金門街2-2號,870
110066,天母國賓經典川粵菜,4.1,228312729,1008,中山北路六段88號B1樓,470
110067,煇煌川菜小館,3.9,223817448,1001,延平南路166號,870
110068,老山東牛肉麵,3.9,223891216,1006,西寧南路70號,140
110069,春桃手作厚工甜品,4.6,223891216,1006,永福街56號,150
110070,吉利街無名小籠包,4.2,933200806,1009,吉利街166號,170
110071,京旺料亭,4.9,228385689,1008,士東路336號1樓,600
110072,鴨寨夫人,4.7,908389381,1009,中央北路四段533號,500
110073,Ulove羽樂歐陸創意料理,4.7,225782656,1004,南京東路四段162號,1000
110074,幸和殿日式手作料理,4.5,287519785,1010,內湖路一段285巷65弄24號,500
110075,星海食事所,4.6,287726930,1005,延吉街68之36號1樓,600
110076,ONE GOOD烤肉飯,4.5,227623209,1004,光復南路17巷34號1樓,200
110077,詹記麻辣火鍋 敦南店,4.4,223777799,1005,和平東路三段60號,800
110078,Chinese Whispers悄悄話餐酒館,4.3,227783988,1005,仁愛路四段345巷2弄11號,500
110079,台一牛奶大王,4.1,223634341,1005,新生南路三段82號,70
110080,東京巴黎甜點 南京店,4.7,225210058,1003,南京東路二段25號,180
110081,Mosun 墨賞新鐵板料理餐廳,4.3,227319966,1005,忠孝東路四段155號2樓,1680
110082,格萊天漾大飯店 Great Skyview,4.1,223383366,1006,艋舺大道101號,1100
110083,13號麵線,4.1,979858867,1011,中坡南路13號,85
110084,Shawn Coffee,4.5,237621020,1004,新中街8巷16號,140
110085,半嶺桶仔雞,4.2,228621192,1009,紗帽路40之17號,350
110086,幸運角咖啡,4.6,227226818,1007,吳興街345巷4號,300
110087,Hush Taipei 餐酒館,4.9,227789069,1005,市民大道四段34號,1500
110088,天喜迷你小火鍋,3.8,225586781,1002,南京西路306號,220
110089,QUICHEZ派出所,4.6,985347011,1005,溫州街74巷14號,170
110090,街口6號珈啡 Street No.6,4.5,223112252,1006,貴陽街二段6號,350
110091,銀座越南餐館,4.2,223691733,1001,羅斯福路三段286巷4弄6號,160
110092,獨特牛排館,4.7,229307729,1012,景美街92號,390
110093,府香蒸臭豆腐,4.6,225048319,1003,民生東路三段41之1號,100
110094,Muzeo Gastronomy&Draft,4.4,227525299,1005,忠孝東路四段170巷6弄14號,3000
110095,銀座杏子日式豬排-信義威秀店,4.1,227223188,1007,松壽路20號2樓,467
110096,黑老闆胡椒餅,4.4,983817444,1008,基河路1號,770
110097,小丁豆漿,4.1,228280007,1009,明德路172號,340
110098,Closet Restaurant & Bar,4.5,227317919,1005,忠孝東路四段101巷15號,500
110099,星乃珈琲店,3.3,227317912,1003,南京西路12號,400
110100,雞湯大叔 忠孝店,4.5,227754408,1005,光復南路200巷9號,330
110101,竹苑shabu,4.7,227713377,1005,大安路一段31巷31號,1200
110102,川渝小吃坊,4.4,225599101,1002,南京西路18巷6弄8之1號,250
110103,小憩睡眠咖啡館,4.8,225153220,1003,長春路182-1號,400
110104,Meat Love橡木炭火韓國烤肉 美麗華店,3.8,285011027,1003,敬業三路20號5樓,600
110105,黃家香腸,4.6,223097428,1001,泉州街32之3號,30
110106,東門赤肉羹,4.5,932139491,1001,臨沂街56號,80
110107,七見櫻堂巧克力甜點專賣店,4.3,233652252,1005,泰順街28號,300
110108,天外天精製無煙燒肉,4.1,225923400,1003,民權東路一段67號,680
110109,友達居酒屋,4.4,227780525,1005,延吉街131巷33號,1200
110110,Hugdayday 烈奶茶,4.6,237652909,1007,基隆路一段165號,50
110111,瓦崎燒烤火鍋 敦南店,3.5,227525099,1005,敦化南路一段160巷60號,899
110112,T.G.I.Fridays,4,221753358,1003,敬業三路22號2F,600
110113,老舅的家鄉味,3.8,227181122,1004,復興北路307號,600
110114,京東燒肉專門店忠孝店,4.2,287738818,1005,忠孝東路四段216巷8弄10號,2000
110115,小丘chiu,4.5,958030814,1005,泰順街40巷2號,180
110116,大象吸花生 Elepeanut.8,4.8,225951708,1003,農安街2巷18之23號晴光市場,60
110117,喬喜蛋炒飯專賣店,3.9,223963554,1001,臨沂街3巷7號,100
110118,Gonna 共樂遊食．旅．生活,4.5,287939663,1010,石潭路145號,400
110119,羅本家咖哩,4.7,902198712,1002,長安西路138巷3弄2號,680
110120,曜日義式餐酒館,4.5,227085910,1005,東豐街53號1樓,500
110121,不老麻鍋物,4.5,225682100,1003,長安東路二段33號,380
110122,OTIS Caf'e,4.5,228319191,1008,美德街104號,200
110123,愛麗絲咖啡廳,4.1,227272609,1007,信義路六段9號,300
110124,興蓬萊台菜海鮮餐廳,4.2,228771168,1008,中山北路七段55號,500
110125,Café del SOL,4.2,227228260,1007,忠孝東路五段68號2F,500
110126,三三活力早餐店,4.2,222345728,1012,木新路三段122號,100
110127,午甘單brunch,4.8,227013561,1005,通安街7號1樓,350
110128,創作串燒-野崎,4.7,227790335,1005,忠孝東路四段216巷33弄19號1樓,450
110129,故意good eat海鮮鍋物,4,227783353,1005,復興南路一段107巷5弄13號,890
110130,森小館,5,227632246,1007,忠孝東路四段559巷18號,100
110131,肉老大 頂級肉品涮涮鍋 錦西店,4.7,225361777,1003,錦西街11號,350
110132,Saturn Landing Turkish Coffee,4.8,227555108,1005,四維路154巷23號,500
110133,士林生炒羊肉,3.7,288613476,1008,大東路21之3號,170
110134,Suki-Ya すき屋 壽喜屋,2.9,277373996,1007,松壽路12號5樓,498
110135,林東芳牛肉麵,3.8,227522556,1003,安東街4之3號,160
110136,花甜果室,3.9,227110234,1005,敦化南路一段160巷40號,120
110137,Stoppage Time 補時,4.5,227366506,1005,和平東路二段96巷15弄30號,350
110138,蘇阿姨比薩屋,4.1,227402328,1005,光復南路300號,350
110139,辣中間,4,285025665,1003,樂群三路39號,500
110140,沒事早事坐,4.2,225412001,1003,新生北路二段68巷26號,100
110141,L.A PHO越南河粉,4.1,227228770,1007,松壽路30號,350
110142,小蒙牛頂級麻辣養生鍋,4.1,223118333,1001,漢口街一段3號2樓,769
110143,生活在他方 elsewhere cafe,4.5,233932018,1001,羅斯福路一段119巷3號,150
110144,為福樓(信義店),4,227084242,1005,信義路四段199巷4號,600
110145,烏石水產火鍋超市(烤)-三創店,4.6,223511268,1001,市民大道三段2號9樓,399
110146,餵我早餐,3.8,227003658,1005,建國南路二段11巷28之1號,350
110147,饞哭了煎餅果子,4.3,908885252,1004,南京東路四段133巷8弄1號,60
110148,韓華園,4.1,225065706,1003,民權東路三段47號1樓,420
110149,PAULIE'S PIZZA 波利斯美式窯烤披薩,4.5,225458123,1004,慶城街1號4樓,300
110150,世界的山將,3.9,227651701,1007,忠孝東路五段15巷10號1樓,600
110151,忻殿堂,4.8,287713936,1005,敦化南路一段160巷12號,600
110152,初COFFEE&PASTA,5,225502330,1002,華陰街94號2樓,200
110153,窩巷弄,4.1,223630313,1001,羅斯福路四段78巷1弄11號,300
110154,屋頂上的貓 私廚,4.5,961173451,1007,逸仙路32巷9號,1800
110155,熹正園東北精緻麵食,4.1,226572766,1010,文德路19號,2300
110156,佐樂壽司,4.4,227048200,1005,大安路一段192號,3500
110157,稲町家香料咖哩,4.9,225622050,1003,中山北路二段42巷20號,280
110158,海石三,4.3,911162226,1003,民生東路二段146號,100
110159,巧哚洋房餐飲坊,4.8,227783347,1005,仁愛路四段345巷5弄17號,1000
110160,古早味豆花,4.2,225581800,1002,民生西路210號,50
110161,Schumann's Bistro No. 6 南京店,5,227188108,1004,南京東路三段303巷8弄11號,400
110162,四鄉五島馬祖麵店,3.8,227715406,1003,遼寧街7號,100
110163,海天香餃,4,223062385,1006,和平西路三段168號,85
110164,義術家 義大利麵、buffet吃到飽,3.7,227118007,1005,光復南路280巷42號,320
110165,星野肉肉鍋,4.2,227118005,1001,忠孝西路一段66號B1,290
110166,WAT Bar,4.2,227205161,1007,信義路五段16號1樓,430
110167,微風建一食堂,4.1,287722178,1003,八德路二段300巷10號,2500
110168,鳥心 (原 染乃井),4.3,225215860,1003,南京東路一段31巷6號1樓,300
110169,108抹茶茶廊 Matcha Saro,4.1,225555785,1002,承德路一段1號B3F,45
110170,秋紅肚房,4.6,225555785,1001,汀州路三段230巷43號,120
110171,Drunk Cafe爛醉咖啡,3.9,227318787,1005,光復南路116巷9號,700
110172,川夜宴無二火鍋樓,4.4,225168550,1003,松江路301號2樓,695
110173,第一土鵝,4.1,225932844,1002,酒泉街54之1號,100
110174,怡客咖啡 士林店,3.7,228805920,1008,中正路231號,300
110175,ELEFUN café 艾楽咖啡,4.7,227322678,1007,基隆路二段39巷4號,100
110176,沐田No.2-1涮涮工廠,4.6,225598389,1002,南京西路25巷2之1號2、103,500
110177,好客燒烤 信義店,4.2,227655859,1007,基隆路一段163號,858
110178,燒桶子韓風立燒,4.4,227219192,1005,延吉街99號,600
110179,スシロー壽司郎 台灣旗艦店,3.9,223612638,1001,館前路8號2樓,400
110180,微風松高,4.1,266369959,1007,松高路16號,300
110181,呷咪,4.2,225772771,1005,市民大道四段179號1樓,100
110182,魯蛋茶酒館,4.5,225536111,1002,迪化街一段333號,700
110183,一期一會（鮨),4.5,287706220,1004,長春路438號,1200
110184,山頭火拉麵,3.8,227317533,1005,忠孝東路三段300號B2樓,250
110185,激屋居酒屋,4.6,225319210,1003,林森北路119巷77號,1000
110186,初の鮨,4.4,227206619,1007,莊敬路409號1樓,1000
110187,森蘭夜食小酒居,4.9,900670178,1003,民權東路一段12巷15號1樓,600
110188,鍋&Bar精緻鍋物餐酒館,4.9,227718581,1005,敦化南路一段270巷21號1樓,680
110189,稻香石磨腸粉,4.1,972229309,1003,松江路330巷36之3號,100
110190,齊民市集火鍋,4.1,223279824,1005,信義路二段158號2樓,300
110191,牛肆,4.7,905080026,1003,吉林路422號,800
110192,大直粥品,4,225336653,1003,北安路567號,75
110193,太興茶餐廳 台北店,2.8,223816786,1001,北平西路3號2F,420
110194,天外天精緻麻辣火鍋,4,225963200,1003,民權東路二段1號,870
110195,果然文創,4.7,225912952,1002,哈密街59巷38弄19號,280
110196,某某甜點 Quelques Pâtisseries,4.4,227554097,1005,安和路一段102巷23號,250
110197,滿穗台菜,4.3,225412020,1003,松江路128號,600
110198,麵屋壹慶,4.6,225412021,1003,雙城街32巷2號,240
110199,BLAnC 中山,4.6,225681758,1003,中山北路二段36巷7號2樓,500
110200,陳陽鵝肉大王,4,227755252,1005,大安路31巷8號1樓,290
110201,台北香格里拉遠東國際大飯店,4.3,223788888,1005,敦化南路二段210號6,580
110202,公雞咖啡,3.8,982081464,1002,南京西路25巷20之5號,290
110203,月夜岩 蟹懷石,4.6,225859221,1003,雙城街25巷9號1樓,5400
110204,Nargis 納吉司台北概念茶館,5,225642521,1003,民生東路二段127巷10號,130
110205,矮仔財滷肉飯,4,932386789,1009,新市街30號,55
110206,北極光創意料理,3.6,228367755,1008,中正路208號,250
110207,Smith & Wollensky 牛排館,4.2,223455647,1007,松智路17號47樓,3300
110208,貳房苑 Livingreen,4.1,223912866,1005,潮州街76號,200
110209,Shishlik Pita x Kebab 西西里克中東串燒（餐館店）,4.4,223681600,1001,羅斯福路四段138號2樓,400
110210,老鼎旺功夫銷魂麵鋪-新光南西店,3.2,225681155,1003,南京西路15號,70
110211,A.K.12美式小館,4.2,223610136,1006,峨嵋街12號2樓,280
110212,鍋媽媽,3.9,225314598,1003,天祥路6號,550
110213,蓮飲料吧,4.3,931169090,1002,寧夏路001攤位,270
110214,WHY NOT?CURRY,4.9,903206943,1005,通化街101巷2號,2000
110215,米匠Mi Jian,4.6,906131888,1003,中山北路1段140巷3號,1200
110216,地中海牛排館 歐華酒店,4.4,225853258,1003,林森北路646號,2500
110217,大師兄銷魂麵舖,3.6,225235700,1003,中山北路二段42巷36號,250
110218,不一樣饅頭店,4,223917829,1005,金山南路二段149號,100
110219,阿母的店,4.4,227320751,1005,樂業街146號,200
110220,沐樺涮涮鍋,4.1,227600985,1004,三民路110巷4號,600
110221,當歸香當歸豬腳,4.3,223046147,1006,華西街131號,399
110222,願有記,4.4,287328282,1005,復興南路二段340巷7號1樓,70
110223,火鍋106-粵式豬肚雞煲鍋光復店,4.4,227216008,1005,光復南路240巷5號,800
110224,十二粵,4,281018298,1007,信義路五段7號4樓,700
110225,崧割烹,4.9,228330057,1008,福華路157巷5號,1500
110226,山男,4.7,227780978,1005,光復南路260巷34號一樓,550
110227,大村武串燒居酒屋-忠孝店(梅酒專門),5,227118883,1005,忠孝東路四段223巷52號,420
110228,雷咖哩 Les Currys,4.7,227004175,1005,復興南路二段160巷11號1樓,200
110229,DOTEL Coffice Ximen 西門町手沖咖啡館,4.8,223711225,1006,雅江街2號,130
110230,Le Park Cafe公園咖啡館,4.4,227198880,1003,遼寧街146號,400
110231,元食cafe,4.8,287898953,1007,逸仙路42巷17號,1440
110232,天然臺湘菜館,3.9,223911831,1001,羅斯福路一段61號,500
110233,鼎旺麻辣鍋-2店,4.3,227044172,1005,大安路一段229號,600
110234,慶城海南雞飯,4.3,287121200,1004,慶城街16巷8號,115
110235,GUMGUM Beer & Wings 餐酒,4.6,227585987,1007,光復南路473巷11弄38號,1000
110236,福天下-福州料理私房菜,4.4,287722729,1005,敦化南路一段232巷8號,500
110237,米屋珈琲 Miuya Cafe,4.1,227067067,1005,文昌街49號,300
110238,頤宮中餐廳 君品酒店,4.5,221819950,1002,承德路一段3號17樓,1800
110239,瀧厚鍋物-火鍋 敦北店,4.4,227188805,1004,民生東路四段56巷1弄1號,600
110240,ABCD . A Better Coffee & Doughnut,4.6,225580678,1002,南京西路18巷4弄8號,190
110241,浪浪別哭,4.6,223560766,1001,林森北路9巷13號,300
110242,三兄弟韓式碳烤,4.2,225013040,1003,農安街233號,699
110243,樂崎火鍋-萬華店,4.5,223010621,1006,東園街68號,300
110244,賴桑香腸,4.4,935815168,1012,木柵路五段18號,440
110245,法國廚師的甜點,4.8,936811888,1004,延壽街89號,230
110246,滷肉控,4.2,227580072,1007,逸仙路42巷11號,178
110247,Buckskin Yakiniku 柏克金燒肉屋,4,225210882,1003,南京東路二段1號2樓,500
110248,光司DATE,4.4,970521201,1005,信義路四段60之1號,900
110249,水礦Restaurant & Cafe,4.6,908790805,1005,大安路一段19巷4號,300
110250,江偉銓是小鮮肉包,5,908787077,1005,大安路一段19巷5號,8700
110251,洪爺麻辣鴛鴦鍋 復興店,4.8,227077577,1005,復興南路二段144之3號,600
110252,"怪獸炸雞公司-台北信義店 Monster Fried Chicken, Inc.",4.9,970777107,1007,松山路541巷14弄1號,140
110253,正饌素食,4.4,225175138,1003,遼寧街152號,125
110254,PIZZERIA OGGI 天母店,4.4,228343886,1008,德行西路19號,330
110255,老師好羊肉爐,4.5,227030927,1005,光復南路446號No,500
110256,吉可頌丹麥專門店,4.7,223250324,1005,安和路二段35巷5號,200
110257,松薇食品有限公司PINE&ROSE,4.7,223569938,1005,麗水街28-1號,180
110258,Wildwood Live Fire Cuisine,4,227228886,1007,松壽路9號,240
110259,Hi-Q褐藻生活館x鱻食,4.6,227470028,1004,八德路四段123之1號1樓,300
110260,蘑菇咖啡,4.1,225525552,1002,南京西路25巷18之1號2樓,300
110261,大直典華,3.8,285025555,1003,植福路8號,499
110262,勝鮨 日本料理,4.5,225172073,1003,興安街47號,880
110263,烤師傅,4,227466632,1007,永吉路30巷151弄2之1號,99
110264,呷七碗 台北永康店,4.5,277448979,1005,永康街13巷1號B1,300
110265,Soban小班韓式料理,3.8,227218252,1005,延吉街131巷3號1樓,500
110266,Caffe’ Rue 路口加啡,4.5,288666967,1008,中山北路6段35巷2號1樓,190
110267,米食林 Ms.Lin Cafe—松山網美餐廳|必吃甜點|下午茶|咖啡店|早午餐|美食推薦,5,227615862,1004,南京東路五段59巷30弄8號1樓,350
110268,鯉魚 The Carp,4.3,225577660,1002,迪化街一段169號,300
110269,幸福肥計劃咖啡店,5,227830602,1011,園區街6之7號,450
110270,大王麻辣乾麵 KingSpicy,3.9,227369797,1007,吳興街118巷25弄12號,80
110271,Russell Restaurant,4.4,228626617,1008,國泰街9號,1000
110272,台南滷三塊,4.2,228289388,1009,承德路七段100號,100
110273,斯泊町Sparkling氣泡飲專賣,5,225031516,1003,松江路297巷12號1樓,200
110274,味鼎蛋餅,4.1,227723685,1003,龍江路21巷3號,120
110275,漁陶屋,3.8,225856383,1002,承德路三段206之1號,450
110276,小象廚房yumyum,4.4,906058066,1002,重慶北路三段278號,120
110277,銅盤嚴選韓式烤肉,3.7,223452788,1007,忠孝東路五段8號,450
110278,朝鑫壽司 (朝日壽司),4.7,223651595,1001,羅斯福路三段84巷2號,310
110279,好記擔仔麵,4.1,225215999,1003,吉林路79號,450
110280,穿越九千公里交給你,4.1,972299822,1004,民權東路三段160巷19弄16號,300
110281,林家蔬菜羊肉爐,4.2,225925174,1003,吉林路327號,700
110282,become 早午餐,4.2,227008200,1005,信義路四段30巷50弄3號,430
110283,Ikinari Steak,4.1,227820087,1011,忠孝東路7段369號B棟1樓,700
110284,MISO東京風日本料理,3.9,225583056,1002,承德路一段1號4樓,500
110285,上吉燒肉,4.9,287725765,1005,延吉街131巷41號,1000
110286,窩窩wooo,4.2,225552056,1002,民生西路404號,120
110287,饒河夜市,4.2,227635733,1004,八德路四段,50
110288,Hërs biströ她/的餐酒,4.1,227469892,1007,忠孝東路四段553巷22弄4號,280
110289,私廚房 Snuggles Kitchen,4.6,916682230,1008,天母東路8巷21號之6號,125
110290,Ratio Coffee,4.5,227660138,1011,富康街5號,330
110291,幸福的一天 happiness day,4.6,227472047,1004,光復北路11巷91號,220
110292,Little Sprout 小初芽,4.2,227949094,1010,金湖路57號,500
110293,LILI KOKO Coffee,4.7,976941120,1008,延平北路八段2巷200弄101號,300
110294,肉多多火鍋,4.4,287851138,1007,忠孝東路五段783號,299
110295,陳鐵心,3.8,227030039,1005,仁愛路四段266巷15弄6號1樓,135
110296,石石香拌,3.4,223145256,1005,北平西路3號2樓,249
110297,Mr.雪腐 公館店,4.6,223635200,1001,羅斯福路三段244巷21號,80
110298,阿毛石鍋燉飯,3,223888098,1006,武昌街二段48之1號,250
110299,妙口肉包四神湯,4.1,910782007,1002,迪化街一段120號,80
110300,葉家肉粥,4.2,916836699,1002,保安街49巷17號,130
110301,江偉銓之炸雞腿大師,1,916836700,1002,保安街49巷18號,8000
110302,H雞腿大師,4.3,928880015,1002,保安街49巷17號前,60
110303,許仔豬腳麵線,4.3,225534364,1002,保安街49巷17號,100
110304,どん亭 Don Tei,4.2,225815997,1003,中山北路一段152號2樓,1000
110305,Vic's Dessert Boutique | 維克甜品,5,225815992,1003,中山北路二段27巷7之1號,400
110306,本家長壽村,4.3,227094491,1005,仁愛路四段266巷8弄2號,590
110307,大河屋 燒肉丼 串燒-統一時代店,4.5,227293778,1007,忠孝東路五段8號B2,230
110308,Flügel studio,4.4,965856588,1005,辛亥路一段34巷3號,300
110309,GB鮮釀餐廳 GORDON BIERSCH,4.2,287867588,1007,松壽路11號,880
110310,秀食屋Shows House 關東煮專賣店,4.7,985889361,1001,汀州路三段227號,100
110311,來碗Laksa,4.2,223587165,1001,濟南路二段60之5號,150
110312,阿男麻油雞,4.3,955572506,1001,中華路二段311巷320號,150
110313,感恩麵食,4.3,228617994,1008,光華路26巷2弄4號,100
110314,老鐵們炭火三明治,4.3,937891115,1005,通化街39巷43號,150
110315,林家牛肉麵,4.2,922163609,1007,吳興街281巷9號,200
110316,222 雞蛋糕,4.2,922163639,1005,復興南路二段368號,200
110317,Sweet Tooth,4.1,227589488,1007,光復南路421巷9號,190
110318,HIVE 巢 • 餐廳,4.6,287860020,1007,逸仙路42巷19號,350
110319,黃亞細肉骨茶 台北三越南西店,4.1,225215777,1003,南京西路12號5樓,265
110320,台灣松屋台北西門町店,3,225215778,1006,漢中街157號1樓,490
110321,羴一羴蒙古炭烤羊腿 長安店,4.2,225683313,1003,長安東路一段95號,500
110322,丼賞和食x嗨蝦蝦三杯醉蝦石頭鍋,5,225235510,1003,林森北路381號2樓,1680
110323,東京一軒,3.6,227007689,1005,通安街62號,139
110324,貳拾陸巷(Somebody),4.2,223112371,1006,成都路65號2樓,300
110325,白水豆花 台北永康店,4,223926707,1005,永康街31巷9號1樓,65
110326,璞豆咖啡.日常,4.7,223689466,1005,溫州街66號,300
110327,天丼てんや,3.8,223110869,1001,忠孝西路一段36號B1,330
110328,吳家牛肉麵,4,228923686,1009,中央北路一段222號,240
110329,馬李王早午餐（寵物友善）,4.6,908517686,1003,中原街34號,300
110330,富宏牛肉麵,4.3,223713028,1006,洛陽街69號,160
110331,VEGE TEJI YA 菜豚屋,4.2,227788055,1004,八德路二段410巷16弄8號,700
110332,YABI KITCHEN,4.3,227291381,1007,松智路17號2樓,600
110333,怪獸小雞排,4.7,228838883,1008,小東街19號,150
110334,八海精緻鍋物料理,4.3,223616286,1006,西寧南路72之1號,650
110335,孔陵一隻雞,3.6,227818181,1005,大安路一段83巷14號,350
110336,狸小路居酒屋,4.3,287328555,1005,安和路二段93號,1000
110337,遠東Café (香格里拉遠東飯店),4.1,277112080,1005,敦化南路二段201號6樓,1000
110338,犀牛犀牛肉蛋吐司捲餅專賣店,4,225065550,1003,伊通街68號,95
110339,百合起酥蛋糕專賣店,4.1,228320609,1008,中正路218號,230
110340,花嘴廚房,4.3,223616998,1006,昆明街214之1號,135
110341,大和徐師傅燒餅大王,3.3,935560270,1005,臥龍街151巷35號,50
110342,黑麻糬,4.3,227773652,1003,龍江路55巷21號遼寧街2號攤販,100
110343,牡丹 天ぷら｜頂級天婦羅,4.7,227068699,1005,四維路52巷17號,100
110344,美鄉拉麵屋,4.4,227086515,1005,建國南路二段151巷53號,250
110345,Irodori 彩日本料理 (君悅酒店),4,227201230,1007,松壽路2號3樓,1500
110346,大橋頭米糕,4.4,225944685,1002,延平北路三段41號,80
110347,龍來果汁,4.6,223085880,1006,廣州街88號,80
110348,136海鮮麵,3.9,227060636,1005,瑞安街75號,230
110349,焼肉ライク 燒肉LIKE,4.2,225500329,1002,承德路一段1號,510
110350,DEJIA得嘉野餐廚房,4.3,223887518,1006,昆明街278號,160
110351,Ombré,4.3,227078884,1005,復興南路二段130之1號2號柚木旁樓,1000
110352,通庵熟成咖喱,4.4,928216527,1005,通安街115號,230
110353,肉多多火鍋-古亭旗艦店,4.3,223632323,1005,羅斯福路二段79號3樓,600
110354,Buttermilk,4.1,225652898,1003,中山北路二段57之1號,400
110355,有幸福Cafe,3.8,228821521,1008,美德街21號,400
110356,泰昌餅家 信義新光A8店,4,228821528,1007,忠孝東路五段8號B2,700
110357,Naked Deli 三明治實驗室,4.1,226275648,1010,內湖路一段203巷7號,450
110358,饗瘦鐵板燒,4.9,966600178,1004,敦化北路165巷14號1樓,680
110359,樂福銀河鐵道餐廳,4.2,277060800,1003,敬業三路123號5樓,400
110360,Podium 無菜單料理,3.9,228835720,1008,中正路209號2樓,1000
110361,焱鬼鍋燒專門店,3.9,229365566,1012,木新路二段252號,150
110362,大俠請留步,4.8,228835268,1008,文林路188號,240
110363,Lady nara 台北統一時代店,4.3,227201519,1007,忠孝東路五段8號3樓,500
110364,樂天皇朝,4.3,227201578,1003,敬業三路123號3樓,290
110365,豐盛號 二號店,4.2,225867070,1003,雙城街18巷13號,200
110366,隨主飡法式水煮專賣-台北小巨蛋總店,4.4,916817553,1004,敦化北路120巷7弄5號,200
110367,Big table,4.3,227088577,1005,信義路四段30巷34號,300
110368,八海精緻鍋物 西門店,4.2,223616286,1006,西寧南路72之1號6F,700
110369,帝國會館 華國大飯店,4.1,223616290,1003,林森北路600號,430
110370,聚樂町日式居酒屋,4.5,223316996,1006,武昌街二段99號,900
110371,龍袍加身腸粉 台北永吉店,3.9,227653765,1007,永吉路30巷157弄13號,90
110372,心月懷石日本料理,4.5,287807756,1007,信義路四段466號,1900
110373,瞞著爹丼飯,3.7,287518553,1010,港墘路127巷3號,400
110374,明水然鍋物。鐵板燒,4.5,285027019,1003,明水路646號,600
110375,Cin Cin Osteria 請請義大利餐廳,4.4,227122050,1004,慶城街16巷16號,500
110376,鍋大人 大安店,4.1,227791012,1005,敦化南路一段160巷32之1號,250
110377,西園橋下蚵仔湯,4.3,223025974,1006,西園路一段258之5號,70
110378,雞二拉麵 師大店,3.8,223628672,1005,羅斯福路三段139號,189
110379,生活域所 | A Living Labb,4.9,227329908,1007,信安街56號,260
110380,板前屋炭火鰻魚飯,4.5,958787898,1011,研究院路一段88號,550
110381,滿漢爐魚,4.5,225775875,1004,光復南路54號1樓,700
110382,三上咖哩,4.4,227416460,1005,大安路一段19巷3號,300
110383,一条通 士林門市,3.5,228816681,1008,文林路434號,430
110384,小吉市場,4.7,935504665,1001,南昌路二段111號,230
110385,標點符號創意早午餐,4.6,223317995,1006,西昌街49號1樓,200
110386,特有種商行,4.4,223411785,1001,臨沂街27巷4之1號,350
110387,可蜜達吐司（北門店）,4.5,916678489,1001,中華路一段21巷14號,100
110388,petit doux．微兜 Café Bistro,5,277290009,1002,承德路一段1號1樓,350
110389,好客酒吧燒烤,4.2,287728832,1005,忠孝東路四段98號11樓,858
110390,K-Cafe,4.2,227082798,1005,敦化南路一段291號,300
110391,卡滋日式咖哩炸豬排專賣店,4.3,227487767,1004,八德路四段277之1號,350
110392,The Misanthrope Society 厭世會社,4.8,223654535,1001,羅斯福路四段40巷1之2號,500
110393,碼頭老火鍋,4.8,227752115,1005,仁愛路四段409之1號,850
110394,瓦法奇朵,4.2,223110215,1001,信陽街29號,400
110395,P&C Boutique Cafe,4.4,228891605,1002,赤峰街28之4號,300
110396,春日甜Café,4.4,225678017,1003,中山北路二段27巷14號,600
110397,1+1鍋物,4.7,227112179,1005,忠孝東路四段216巷32弄1號1樓,400
110398,江偉銓很義大利,0,227112143,1005,忠孝東路四段216巷32弄1號87樓,9800
110399,夢鹿咖啡 by tame moose,4,227112180,1002,建泰里南京西路18巷6弄6號1樓,350
110400,初魚鐵板燒,4.3,227112181,1005,泰順街42號,1210
110401,隱家拉麵,4.6,227112182,1008,中山北路五段505巷1號,300
110402,狗一下居食酒屋 西門店,3.1,227112183,1006,西寧南路34號1樓,450
110403,3 idiots toast＆curry 三個傻瓜,4.5,227112184,1007,松壽路12號4樓,500
110404,深夜裡的法國手工甜點,3.8,227112185,1001,南昌路二段203號2樓之3,200
110405,TAEBAK 大發韓式特色料理 東區店,4.3,227112186,1005,延吉街160巷9號,700
110406,WakuWaku Burger,4.6,227112187,1007,吳興街117號1樓,300
110407,好好食房 Soup Up,4.1,227112188,1010,瑞光路583巷22號1樓,220
110408,石川日式食堂,4.3,227112189,1012,景華街60號,650
110409,真福記 脆皮烤鴨,4,227112190,1004,健康路3巷2號,700
110410,上信饌玉 永康店,4.7,227112191,1005,永康街12巷4號,400
110411,佐藤咖哩,4.3,227112192,1005,復興南路一段92之1號,200
110412,誠記越南麵食館,3.8,227112193,1005,永康街6巷1號,199
110413,Ed's Diner,4.3,227112194,1003,樂群二路216號1f,450
110414,安東建一水產,4.4,227112195,1003,安東街4-1號,300
110415,川賀燒烤居酒屋,4.3,227112196,1003,合江街92號,2000
110416,汆食.作伙鍋,4.6,227112197,1003,中山北路三段26號1樓,350
110417,大黑深夜板前鮨無菜單料理壽司吧,4.3,227112198,1004,市民大道四段177號,1500
110418,阿川蚵仔麵線,4.4,227112199,1002,民生西路198之17號,60
110419,ABV Bar & Kitchen 酒精濃度 地中海餐廳,4.4,227112200,1005,光復南路260巷39號,450
110420,別所 shelter,4.1,227112201,1002,承德路三段51巷18號,250
110421,MaMaDay 嘛嘛地,4.1,227112202,1004,南京東路四段75巷14弄1號,400
110422,牛爸爸牛肉麵,4.1,227112203,1010,民權東路六段149號,1500
110423,蘭芳麵食館,4.2,227112204,1003,遼寧街95號,300
110424,甘牌燒味 台灣 Kam's Roast Taiwan,4.1,227112205,1007,市府路45號B1,350
110425,COFE bar 喫咖啡吧,4.6,227112206,1002,迪化街一段248號,200
110426,共楽 Gung Lok Union Grocery,3.8,227112207,1002,赤峰街22號,277
110427,陳季炸雞,4.7,227112208,1009,裕民一路12號,1200
110428,牛媽媽沙茶牛肉,3.3,227112209,1002,寧夏路50號,65
110429,瓦崎燒烤,3.1,227112210,1001,汀州路三段299號,489
110430,NoName咖哩カレーライス專門店,4.4,227112211,1005,信義路三段166巷6弄4號,200
110431,HÒU TOAST and COFFEE 厚吐司.咖啡手作專門,4.9,227112212,1005,信義路四段151號,200
110432,小珍珠烘焙坊,4.2,227112213,1005,金華街243巷25號,400
110433,Purebread Bakery,4.5,227112214,1005,四維路154巷15號,400
110434,海底撈火鍋 慶城店,4.6,227112215,1004,慶城街1號,399
110435,金仙一品魯肉飯,3.8,227112216,1003,錦州街453號,120
110436,台北晶華酒店 Regent Taipei,4.4,227112217,1003,中山北路二段39巷3號,36650
110437,好好文化創意We&Me Cafe,4.2,227112218,1007,基隆路一段188之2號,400
110438,我家客家小館,4.2,227112219,1009,中央南路二段14之1號,400
110439,虎次郎日式炸牛排,4.3,227112220,1001,忠孝西路一段66號,250
110440,威尼斯義大利餐廳,4.3,227112221,1003,松江路235巷19號1樓,350
110441,Drip Cafe 好滴咖啡,3.5,227112222,1001,南陽街1號2樓,400
110442,寅樂屋,4.2,227112223,1005,延吉街294號,200
110443,MaMa's 鐵鍋早午餐,4.6,227112224,1004,南京東路四段133巷8弄3號,220
110444,阿剛泰式主題餐廳,2.9,227112225,1001,汀州路三段150號,420
110445,阿伯蛋包麵,4.4,227112226,1006,雙園街88號,100
110446,VEGETEJIYA 菜豚屋,4.1,227112227,1003,林森北路119巷67號,900
110447,下港吔羊肉專賣店,4.3,227112228,1003,天祥路18號,300
110448,小涼院霜淇淋專門店,4.5,227112229,1005,復興南路二段148巷34號,100
110449,Fika Fika Cafe 內湖店,4.4,227112230,1010,陽光街321巷40號,380
110450,S Restaurant & Bar (HYG北歐美饌),3.9,227112231,1004,敦化北路150號,700
110451,老程麵店,4.1,227112232,1002,延平北路三段152號,110
110452,Alleycat's 京站店QSquare,3.6,227112233,1002,承德路一段1號,400
110453,港點大師 台北三創店,4.3,227112234,1003,市民大道三段2號,800
110454,一茗糖 Sugar M 小巨蛋店,5,227112235,1004,南京東路四段133巷8弄2號,40
110455,HERE & THERE,4.5,227112236,1002,延平北路二段62號,250
110456,財神台南擔仔麵,3.8,227112237,1004,新中街6巷1號,200
110457,阿蘭大鼎魩仔魚蛋炒飯,3.5,227112238,1002,保安街49巷17號,100
110458,SoShow Bar & Restaurant,4.6,227112239,1003,中山北路一段47號2F,500
110459,社子古早味豆花,4.6,227112240,1008,社正路5號,30
110460,昭和冰室,4.2,227112241,1005,文昌街47號1F,250
110461,唐點小聚市民店,4.2,227112242,1005,市民大道四段102號,500
110462,紅橘子精緻早午餐．延吉店,3.6,227112243,1005,延吉街259號,600
110463,飯Bar,4.2,227112244,1010,內湖路一段360巷2號,800
110464,龍記搶鍋麵,4.1,227112245,1001,衡陽路84巷5號,100
110465,麵食士林,3.4,227112246,1008,美德街68號,300
110466,Cuiqu Coffee奎克咖啡 - 台北忠孝店,3.9,227112247,1005,忠孝東路四段216巷11弄8號,150
110467,鍋+ SHABU,4.6,227112248,1008,福國路47巷2之1號,700
110468,凪ラーメン豚王拉麵,4.2,227112249,1006,漢中街52號6樓,250
110469,胡同燒肉,4.4,227112250,1005,敦化南路一段161巷17號,2200
110470,大發生猛海鮮餐廳,3.9,227112251,1009,裕民二路60號,200
110471,MAD KITCHEN 吃狂 創意料理,4.3,227112252,1003,復興北路202號,100
110472,Kimukatsu晴木千層豬排,3.6,227112253,1007,松智路17號5樓,500
110473,李家榕樹下快炒,4,227112254,1005,嘉興街382巷2號,800
110474,TGB很牛炭燒牛排 台北東興店,4.3,227112255,1004,東興路18號,700
110475,戰醬燒肉,4.5,227112256,1003,雙城街17巷13-3號,799
110476,新東街口 精緻火鍋,5,227112257,1004,民生東路五段205號,3400
110477,James House (coffee),4.6,227112258,1005,安和路一段127巷5號,100
110478,天丼てんや 微風北車店,4.1,227112259,1001,北平西路3號2樓,200
110479,豆燕山-民權店,5,227112260,1010,民權東路六段90巷5弄2號,60
110480,Andrew Frank Café,4.7,227112261,1005,復興南路二段128巷4號1樓,500
110481,水戶懷石日本料理,4.1,227112262,1003,吉林路16號,500
110482,重點 El punto 南美風情臻品料理,4.8,227112263,1005,仁愛路四段345巷4弄12號,550
110483,齋之傳說素食餐廳永吉店,4.1,227112264,1007,永吉路30巷157弄5號,130
110484,佐賀丼飯專家-信義永吉,4,227112265,1007,永吉路30巷102弄13號,95
110485,台灣第一家鹽酥雞,4.1,227112266,1010,內湖路一段737巷29號,100
110486,福德涼麵,3.9,227112267,1003,興安街76號,95
110487,凱古早味鍋燒麵,4.1,227112268,1007,吳興街8巷5號,100
110488,台灣人ㄟ甜甜圈,3.4,227112269,1002,華陰街183號,25
110489,季吉GG韓國餐館,4.3,227112270,1004,民生東路四段56巷3弄16號,200
110490,āmra,4.1,227112271,1004,復興北路81巷20號,300
110491,Ma C So Yo 築夢韓食,4.7,227112272,1003,中山北路一段121巷15號,450
110492,Bagel Bagel Cafe & Bar,4.3,227112273,1003,南京東路二段125號B1,600
110493,AL REVÉS 餐廳 。 顛倒restaurant,4.3,227112274,1006,昆明街131號,150
110494,逗豆舖,4.5,227112275,1005,和平東路二段118巷54弄21號,50
110495,泰廚世家,4.3,227112276,1004,延壽街89號,2000
110496,Humble beginnings Café - Taipei 亨寶咖啡,4,227112277,1008,中山北路七段36之1號,300
110497,上島珈琲店 誠品站前店,4,227112278,1001,忠孝西路一段49號,230
110498,微兜 Petit Doux咖啡小酒館,4.3,227112279,1005,信義路二段198巷7之3號,380
110499,La Farfalla 義式餐廳,4.1,227112280,1007,松高路18號6樓號,1800
110500,黃龍莊,4,227112281,1001,牯嶺街43號,250
110501,弘燒肉丼,4.8,227112282,1005,信義路四段265巷31弄1號1樓,430
110502,BREMEN 不萊梅 圓山店,4.2,227112283,1002,酒泉街36號,200
110503,Coppii Lumii living coffee 冉冉生活,4.2,227112284,1003,龍江路298巷23號,400
110504,旗魚新竹米粉,4.2,227112285,1002,延平北路三段85號3號,500
110505,八斤所8Jin Café,4.1,227112286,1002,寧夏路87號1樓,520
110506,肉多多火鍋 天母店,4.3,227112287,1008,德行東路228號1樓,500
110507,EAT PLUS 玩食家,4.5,227112288,1008,忠誠路二段154巷7號一樓,200
110508,Engolili 英格莉莉 誠品南西店,4.4,227112289,1002,南京西路14號3樓,500
110509,YumYum Deli,3.8,227112290,1005,忠孝東路四段216巷32弄12號,350
110510,小霸王麵線,4.1,227112291,1007,永吉路409號,700
110511,老同安小酒館,4.9,227112292,1001,同安街24號,500
110512,福來早餐芝山店,4,227112293,1008,福華路128巷3弄1號,90
110513,180度C蜜酥雞排,4.6,227112294,1006,貴陽街二段77號,120
110514,云滇雲南過橋米線,3.9,227112295,1005,忠孝東路四段49巷4弄14號,220
110515,雄記蔥抓餅,4.4,227112296,1001,羅斯福路四段108巷2號,270
110516,Old Seat Restaurant.Cafe 川酒＆咖啡,4.6,227112297,1005,忠孝東路四段101巷29號1樓,750
110517,福昌羊肉-台北信義店,4.9,227112298,1007,松隆路62號,390
110518,廖家牛肉麵,4.1,227112299,1005,金華街98號,250
110519,Rilakkuma Café 拉拉熊咖啡廳,4.2,227112300,1005,忠孝東路四段248巷3號,1056
110520,草原風蒙古火鍋,4.5,227112301,1008,後港街35號,800
110521,Garden Kitchen 台北萬豪酒店,4.4,227112302,1003,樂群二路199號,1500
110522,一號糧倉 樂埔町,4.5,227112303,1004,八德路二段346巷3弄2號,1000
110523,天干物燥-老子今天吃火鍋,4.7,227112304,1003,松江路38巷2號,800
110524,韓式辣炒年糕海苔飯捲專賣店,3.4,227112305,1006,中華路一段144號,300
110525,檀島香港茶餐廳,3.4,227112306,1007,松壽路11號b1號,430
110526,飯BAR Station 信義微風店,4.5,227112307,1007,忠孝東路五段68號4F,600
110527,名傳鵝肉,3.5,227112308,1009,石牌路二段183號,100
110528,祥和蔬食精緻料理,4.5,227112309,1001,鎮江街1巷1號,300
110529,香頌私宅會館,3.9,227112310,1003,建國北路二段52號,2200
110530,慶三號烤肉倉庫早午餐,4.1,227112311,1001,金門街2之3號,120
110531,YumYum 好吃好吃2號店,4.2,227112312,1001,羅斯福路三段316巷16號2樓,380
110532,A Cut steakhouse (國賓大飯店),4.5,227112313,1003,中山北路二段63號B1,2500
110533,香港私宅打邊爐,4.1,227112314,1003,長安東路二段174之1號2樓,800
110534,a day 日常生活咖啡,4.3,227112315,1005,忠孝東路三段217巷8弄20之1號,140
110535,肉多多火鍋 大安信義店,4.5,227112316,1005,信義路四段199巷18號,300
110536,赤雞雞排,4.5,227112317,1001,中山北路一段42號,130
110537,潔果物語義式廚房Fruit Talk Pasta,4.4,227112318,1011,永吉路541號,500
110538,蘭苑私廚 Orchid Court,4.8,227112319,1001,金華街30巷1號,2750
110539,Fa cafe 天母店,4.3,227112320,1008,中山北路七段14巷6號,600
110540,匠壽司,4.5,227112321,1003,建國北路一段68號,1200
110541,珠寶盒法式點心坊,4.2,227112322,1005,安和路二段209巷10號,300
110542,兩餐韓國年糕火鍋-忠孝店,3.9,227112323,1005,忠孝東路四段98號3樓,405
110543,Burger & Co,4.1,227112324,1005,通安街49號,250
110544,洋城義大利餐酒館 內湖家樂福店,4.7,227112325,1010,民善街88號1樓,380
110545,上善豆家 DeliSoys,4.1,227112326,1005,復興南路一段107巷16號,380
110546,新高軒,4,227112327,1005,市民大道四段8號,300
110547,杜佬大手作弁當,4.1,227112328,1007,忠孝東路四段559巷16弄15號,99
110548,天下佈武,3.7,227112329,1005,師大路50號,30
110549,紅螞蟻平價鐵板燒,3.8,227112330,1005,臨江街7號,180
110550,蚵仔麵線佳鑫檸檬,4.4,227112331,1001,泉州街32之2號,45
110551,話一隻雞,4.2,227112332,1001,南陽街21之5號1樓,130
110552,漢來海港 自助餐廳,4.1,227112333,1005,敦化南路一段246號6樓,913
110553,宏益水晶餃,4.1,227112334,1006,昆明街184之2號,30
110554,Fly's Kitchen,4.5,227112335,1005,大安路一段16巷4號,200
110555,佬饕賦,4.3,227112336,1008,士東路200巷78號,160
110556,玖酒井食事町,5,227112337,1005,敦化南路一段190巷40號1樓,1500
110557,藝奇新日本料理 台北中山北店,4.7,227112338,1003,中山北路二段68號B1,420
110558,BANCO 世貿店,4.5,227112339,1007,基隆路二段13之1號1樓,250
110559,Maison家 Chinese fusion,4.4,227112340,1005,光復南路290巷41號,600
110560,夢仙,4.7,227112341,1005,信義路四段60之100號,300
110561,濟善老麵,4.4,227112342,1006,艋舺大道120巷11弄1號,200
110562,CHENDU 94 心肝寶貝,4.6,227112343,1006,成都路94號,550
110563,C'est Bon 歐陸餐廳 (麗禧酒店),4.6,227112344,1009,幽雅路30號,1000
110564,Fourplay Cuisine,4.4,227112345,1005,東豐街67號,800
110565,志明牛肉拉麵(北投總店),4,227112346,1009,中央北路一段228巷3號,140
110566,桃花源緣,4.8,227112347,1002,延平北路二段79號,308
110567,唯寧記麻辣鴨血,4,227112348,1010,內湖路一段737巷29號,120
110568,SOMA 特調飲品,4.2,227112349,1005,敦化南路一段187巷23號,70
110569,春美冰菓室,4.4,227112350,1004,敦化北路120巷54號,100
110570,"原汁排骨湯,高麗菜飯",4,227112351,1002,延平北路三段17巷2號,200
110571,TASTY西堤牛排,3.9,227112352,1005,復興南路一段152號3樓,300
110572,謝謝 台味炭烤,4.6,227112353,1010,成功路四段61巷25弄7號,400
110573,父母 - FuMu - COME TO MAMA & PAPA,4.7,227112354,1003,興安街103號,500
110574,蔚稻食堂,4.6,227112355,1003,民生東路二段115巷25弄2號,200
110575,濱松屋,3.8,227112356,1003,林森北路119巷12號,700
110576,木柵水煎包,4.4,227112357,1012,指南路一段25號,800
110577,史坦利美式牛排 敦化店,4.4,227112358,1005,敦化南路一段233巷22號,450
110578,Nomad bistro bar,4.7,227112359,1005,光復南路308巷43號,900
110579,泰正點,4.1,227112360,1001,汀州路三段166號,300
110580,胡饕米粉湯•黑白切 Hu Tao Traditional Taiwanese Cuisine,4.2,227112361,1007,永吉路30巷158弄3號,100
110581,日安 Ciao早午餐,3.7,227112362,1001,汀州路二段186號,200
110582,天香樓 (亞都麗緻大飯店),4.4,227112363,1003,民權東路二段41號,1700
110583,北平都一處,4,227112364,1007,仁愛路四段506號,340
110584,鬧聚 HUBBUB,4.4,227112365,1004,富錦街454號,250
110585,彭園湘菜館,3.7,227112366,1003,林森北路380號,690
110586,敘日 全日餐廳 - 台北六福萬怡酒店,3.7,227112367,1011,忠孝東路七段359號7樓號,1500
110587,倆男食所,4.8,227112368,1003,錦州街231巷5號,360
110588,庄頭豆花担,4,227112369,1004,市民大道四段73號,50
110589,醒而眠咖啡酒館 Awake til sleep,4.5,227112370,1005,仁愛路三段143巷38號,100
110590,悄悄好食永康店舖,4.4,227112371,1005,永康街31巷14之4號,185
110591,廣集品廣東粥,4.4,227112372,1007,虎林街121巷1號,70
110592,Take out burger,4.3,227112373,1001,新生南路一段56巷6號,300
110593,Chatime日出茶太 內湖大潤發二館店,4.5,227112374,1010,舊宗路一段188號,60
110594,東京牛奶起司工房 Tokyo Milk Cheese Factory,4.6,227112375,1007,松智路17號2樓,130
110595,燒烤杏鮑菇,3.9,227112376,1008,大南路98號,230
110596,M M CAFE & BAR,4.5,227112377,1003,建國北路二段6巷27號,600
110597,台北國泰萬怡酒店 Courtyard by Marriott Taipei Downtown,4.4,227112378,1003,民生東路三段6號,700
110598,邱太太甜品坊,4.3,227112379,1003,龍江路382號,100
110599,麻辣45,4.3,227112380,1007,忠孝東路五段68號45樓,1000
110600,Fika Fika Cafe,4.3,227112381,1003,伊通街33號,240
110601,光景 Scene Select,4.6,227112382,1004,健康路11之1號,260
110602,泰鄉食坊,4.2,227112383,1010,麗山街348巷14號1樓,800
110603,JAI宅 西門店,4.4,227112384,1006,武昌街二段50巷10號2樓,500
110604,PACKIE銀杏川酒菜館,4.3,227112385,1007,松壽路九號六樓,1000
110605,神仙川味牛肉麺,4.1,227112386,1003,長春路322號,200
110606,霜 越南河粉,3.9,227112387,1005,復興南路一段74號,135
110607,月霞 Waha Cafe,4.8,227112388,1002,赤峰街47巷3號1樓,200
110608,開飯川食堂,4.1,227112389,1007,忠孝東路五段8號7樓,600
110609,大村武串燒 士林店,4.4,227112390,1008,基河路255號,500
110610,銀兔-スープカレー,4.5,227112391,1005,浦城街13巷4號,300
110611,巴和奈野 illy Cafe（奈野咖啡二店）,4.1,227112392,1001,羅斯福路二段81巷16弄5號,270
110612,Ryans都會潛艇堡,4,227112393,1010,金湖路392號,150
